<?xml version="1.0" encoding="UTF-8"?>
<!DOCTYPE language SYSTEM "language.dtd">
<language name="GoMod" section="Sources"
          version="1.00" kateversion="2.4"
          indenter="cstyle"
          extensions="go.mod"
          mimetype="text/x-gomod"
          priority="5"
          author="visualfc"
          license="BSD">
  <highlighting>
    <list name="keywords">
      <item> go </item>
      <item> module </item>
      <item> require </item>
      <item> replace </item>
      <item> exclude </item>
      <item> retract </item>
    </list>
  <contexts>
      <context name="Normal"        attribute="Normal Text" lineEndContext="#stay">
        <keyword      attribute="Keyword"  context="#stay" String="keywords" />
        <Detect2Chars attribute="Symbol" context="#stay" char="=" char1=">" />
        <DetectChar attribute="Symbol" context="#stay" char="(" beginRegion="Brace1" />
        <DetectChar attribute="Symbol" context="#stay" char=")" endRegion="Brace1" />
        <Detect2Chars attribute="Comment" context="Comment" char="/" char1="/"/>
      </context>
		<context name="Comment" attribute="Comment" lineEndContext="#pop">
		</context>
    </contexts>
    <itemDatas>
      <itemData name="Normal Text"  defStyleNum="dsNormal" spellChecking="false"/>
      <itemData name="Keyword"      defStyleNum="dsKeyword" spellChecking="false"/>
      <itemData name="Symbol"       defStyleNum="dsSymbol" spellChecking="false"/>
      <itemData name="Comment"      defStyleNum="dsComment" afterwhitespace="true"/>
    </itemDatas>
  </highlighting>
  <general>
    <comments>
      <comment name="singleLine" start="//" position="afterwhitespace"/>
    </comments>
  </general>
</language>
